COMMON_NAME,audio,image,link
Adelaides warbler,no image,no link
African silverbill,https://www.hbw.com/sites/default/files/styles/h_340/public/ibc/p/b21a6645c.jpg?itok=nfYOiOIo,https://www.hbw.com/species/african-silverbill-euodice-cantans#Taxonomy
African stonechat,no image,no link
Aleutian tern,https://www.hbw.com/sites/default/files/styles/h_340/public/ibc/p/1683_20160531_2_1000.jpg?itok=K3Ol6yvN,https://www.hbw.com/species/aleutian-tern-onychoprion-aleuticus#Taxonomy
Amazon kingfisher,https://www.hbw.com/sites/default/files/styles/h_340/public/ibc/p/123a1059_cloroceryle_amazona_samica.jpg?itok=d_93i5yX,https://www.hbw.com/species/amazon-kingfisher-chloroceryle-amazona#Taxonomy
American flamingo,https://www.hbw.com/sites/default/files/styles/h_340/public/ibc/p/IMG_0811_0.jpg?itok=YK0pFtSk,https://www.hbw.com/species/american-flamingo-phoenicopterus-ruber#Taxonomy
Antillean nighthawk,https://www.hbw.com/sites/default/files/styles/h_340/public/ibc/p/Antillean_Nighthawk2_Cuba_08_04_2004.jpg?itok=8hNwc5a9,https://www.hbw.com/species/antillean-nighthawk-chordeiles-gundlachii#Taxonomy
Aplomado falcon,https://www.hbw.com/sites/default/files/styles/h_340/public/ibc/p/_mg_6079.jpg?itok=iIHj4cTF,https://www.hbw.com/species/aplomado-falcon-falco-femoralis#Taxonomy
Asian brown flycatcher,no image,no link
Audubons shearwater,no image,no link
Aztec thrush,https://www.hbw.com/sites/default/files/styles/h_340/public/ibc/p/Aztec.jpg?itok=g-dud9P9,https://www.hbw.com/species/aztec-thrush-ridgwayia-pinicola#Taxonomy
Bachmans sparrow,no image,no link
Bachmans warbler,no image,no link
Bahama mockingbird,https://www.hbw.com/sites/default/files/styles/h_340/public/ibc/p/Bahama_Mockingbird_1.jpg?itok=XuRnCcB3,https://www.hbw.com/species/bahama-mockingbird-mimus-gundlachii#Taxonomy
Bahama swallow,https://www.hbw.com/sites/default/files/styles/h_340/public/ibc/p/p1030749.jpg?itok=ha5Qqrw2,https://www.hbw.com/species/bahama-swallow-tachycineta-cyaneoviridis#Taxonomy
Bahama woodstar,https://www.hbw.com/sites/default/files/styles/h_340/public/ibc/p/bahama_woodstar_2.jpg?itok=DpevEbqm,https://www.hbw.com/species/bahama-woodstar-calliphlox-evelynae#Taxonomy
Baikal Teal,https://www.hbw.com/sites/default/files/styles/h_340/public/ibc/p/IMG_1244.jpg?itok=6fS9MQUR,https://www.hbw.com/species/baikal-teal-sibirionetta-formosa#Taxonomy
Bananaquit,no image,no link
Barnacle Goose,https://www.hbw.com/sites/default/files/styles/h_340/public/ibc/p/93_barnacle_goose_vitkindad_gas_branta_leucopsis_ottenby_oland_20121001_1_1600.jpg?itok=LFHzP3Ch,https://www.hbw.com/species/barnacle-goose-branta-leucopsis#Taxonomy
Barolo shearwater,no image,no link
Bar-tailed godwit,https://www.hbw.com/sites/default/files/styles/h_340/public/ibc/p/img_4541b.jpg?itok=X_0vs-8Z,https://www.hbw.com/species/bar-tailed-godwit-limosa-lapponica#Taxonomy
Belchers gull,no image,no link
Bermuda petrel,no image,https://www.hbw.com/species/bermuda-petrel-pterodroma-cahow#Taxonomy
Berylline hummingbird,https://www.hbw.com/sites/default/files/styles/h_340/public/ibc/p/Berylline_Hummingbird_Saucerottia_beryllina.jpg?itok=Qg0rNMfX,https://www.hbw.com/species/berylline-hummingbird-amazilia-beryllina#Taxonomy
Black francolin,no image,no link
Black kite,no image,no link
Black mamo,no image,https://www.hbw.com/species/black-mamo-drepanis-funerea#Descriptive_notes
Black noddy,https://www.hbw.com/sites/default/files/styles/h_340/public/ibc/p/1675_black_noddy_anous_minutus_tench_island_papua_new_guinea_20140713_1_1000.jpg?itok=Em2pTx7P,https://www.hbw.com/species/black-noddy-anous-minutus#Taxonomy
Black-browed albatross,https://www.hbw.com/sites/default/files/styles/h_340/public/ibc/p/mal16363a.jpg?itok=ZUa0842P,https://www.hbw.com/species/black-browed-albatross-thalassarche-melanophris#Taxonomy
Black-capped gnatcatcher,https://www.hbw.com/sites/default/files/styles/h_340/public/ibc/p/black-capped_gnatcatcher_03.jpg?itok=f1MUItdO,https://www.hbw.com/species/black-capped-gnatcatcher-polioptila-nigriceps#Taxonomy
Black-capped petrel,https://www.hbw.com/sites/default/files/styles/h_340/public/ibc/p/PAG_7862.jpg?itok=NN5kHX_9,https://www.hbw.com/species/black-capped-petrel-pterodroma-hasitata#Taxonomy
Black-cheeked warbler,https://www.hbw.com/sites/default/files/styles/h_340/public/ibc/p/ASC_0527.JPG?itok=7WHimqa6,https://www.hbw.com/species/black-cheeked-warbler-basileuterus-melanogenys#Taxonomy
Black-chinned sparrow,https://www.hbw.com/sites/default/files/styles/h_340/public/ibc/p/20110420-Black-chinned_Sparrow_01V1167.jpg?itok=GYgIOQSD,https://www.hbw.com/species/black-chinned-sparrow-spizella-atrogularis#Taxonomy
Black-faced grassquit,https://www.hbw.com/sites/default/files/styles/h_340/public/ibc/p/e72i4213.jpg?itok=08mIeaRY,https://www.hbw.com/species/black-faced-grassquit-melanospiza-bicolor#Taxonomy
Black-headed nightingale-thrush,https://www.hbw.com/sites/default/files/styles/h_340/public/ibc/p/Black-headed_Nightingale-Thrush.jpg?itok=-PxAKBCV,https://www.hbw.com/species/black-headed-nightingale-thrush-catharus-mexicanus#Taxonomy
Black-rumped waxbill,https://www.hbw.com/sites/default/files/styles/h_340/public/ibc/p/bf6e0643_black-rumped_waxbill_j.jpg?itok=f2YpN_52,https://www.hbw.com/species/black-rumped-waxbill-estrilda-troglodytes#Taxonomy
Black-tailed godwit,https://www.hbw.com/sites/default/files/styles/h_340/public/ibc/p/img_2104.jpg?itok=q8guahrK,https://www.hbw.com/species/black-tailed-godwit-limosa-limosa#Taxonomy
Black-tailed gull,https://www.hbw.com/sites/default/files/styles/h_340/public/ibc/p/b00423-a48c2890s800.jpg?itok=F3TFldcE,https://www.hbw.com/species/black-tailed-gull-larus-crassirostris#Taxonomy
Black-vented oriole,https://www.hbw.com/sites/default/files/styles/h_340/public/ibc/p/dsc08056.jpg?itok=EpLGpR1F,https://www.hbw.com/species/black-vented-oriole-icterus-wagleri#Taxonomy
Black-vented shearwater,https://www.hbw.com/sites/default/files/styles/h_340/public/ibc/p/Loreto_N.P._-_Craverialk_Craveriss_Murrelet.JPG?itok=YdRtQ3vX,https://www.hbw.com/species/black-vented-shearwater-puffinus-opisthomelas#Taxonomy
Black-winged petrel,https://www.hbw.com/sites/default/files/styles/h_340/public/ibc/p/Black-winged_Petrel.jpg?itok=9YhD8YyR,https://www.hbw.com/species/black-winged-petrel-pterodroma-nigripennis#Taxonomy
Black-winged stilt,https://www.hbw.com/sites/default/files/styles/h_340/public/ibc/p/image_205.jpg?itok=0Sr12hAq,https://www.hbw.com/species/black-winged-stilt-himantopus-himantopus#Taxonomy
Blue bunting,https://www.hbw.com/sites/default/files/styles/h_340/public/ibc/p/eisermann_cyanocompsa_parellina.jpg?itok=jXNwaPwO,https://www.hbw.com/species/blue-bunting-cyanocompsa-parellina#Taxonomy
Blue mockingbird,no image,no link
Blyths reed warbler,no image,no link
Bonin petrel,https://www.hbw.com/sites/default/files/styles/h_340/public/ibc/p/_M4A0384.jpg?itok=GXPm76IQ,https://www.hbw.com/species/bonin-petrel-pterodroma-hypoleuca#Taxonomy
Brambling,no image,no link
Bridled tern,https://www.hbw.com/sites/default/files/styles/h_340/public/ibc/p/aaa_4837_0.jpg?itok=wv5bCjUW,https://www.hbw.com/species/bridled-tern-onychoprion-anaethetus#Taxonomy
Bristle-thighed curlew,https://www.hbw.com/sites/default/files/styles/h_340/public/ibc/p/1558_20160530_6_1000.jpg?itok=JSB5Cpzi,https://www.hbw.com/species/bristle-thighed-curlew-numenius-tahitiensis#Taxonomy
Broad-billed sandpiper,https://www.hbw.com/sites/default/files/styles/h_340/public/ibc/p/jankasirriainen_uki_05-16_img_img_4599.jpg?itok=sSi0Kfqi,https://www.hbw.com/species/broad-billed-sandpiper-calidris-falcinellus#Taxonomy
Brown jay,https://www.hbw.com/sites/default/files/styles/h_340/public/ibc/p/brownjay_ad_head_parares_mv_cr_2_2_17_a_am8i7676.jpg?itok=SVrqxuNK,https://www.hbw.com/species/brown-jay-cyanocorax-morio#Taxonomy
Brown noddy,https://www.hbw.com/sites/default/files/styles/h_340/public/ibc/p/Brown_Noddy_03.jpg?itok=d_MJExKM,https://www.hbw.com/species/brown-noddy-anous-stolidus#Taxonomy
Brown shrike,https://www.hbw.com/sites/default/files/styles/h_340/public/ibc/p/bf6e1334_brown_shrike.jpg?itok=vLC75WFN,https://www.hbw.com/species/brown-shrike-lanius-cristatus#Taxonomy
Brown-backed solitaire,https://www.hbw.com/sites/default/files/styles/h_340/public/ibc/p/Myadestes_occidentalis_6JH.jpg?itok=cdGrrKs3,https://www.hbw.com/species/brown-backed-solitaire-myadestes-occidentalis#Taxonomy
Brown-chested martin,https://www.hbw.com/sites/default/files/styles/h_340/public/ibc/p/Gray-breasted_Martin.jpg?itok=V3XDcNwp,https://www.hbw.com/species/brown-chested-martin-progne-tapera#Taxonomy
Brown-crested flycatcher,https://www.hbw.com/sites/default/files/styles/h_340/public/ibc/p/brown-crested_flycatcher_dusan_brinkhuizen_ibc.jpg?itok=fdbHMYEg,https://www.hbw.com/species/brown-crested-flycatcher-myiarchus-tyrannulus#Taxonomy
Bryans shearwater,no image,no link
Budgerigar,no image,no link
Bullers shearwater,no image,no link
Bulwers petrel,no image,no link
Bumblebee hummingbird,https://www.hbw.com/sites/default/files/styles/h_340/public/ibc/p/IMG_1538b.JPG?itok=1GyKmlt8,https://www.hbw.com/species/bumblebee-hummingbird-atthis-heloisa#Taxonomy
Cape Verde shearwater,no image,no link
Carolina parakeet,https://www.hbw.com/sites/default/files/styles/h_340/public/ibc/p/mlc.2011.0.312_b.jpg?itok=zJw6fOTj,https://www.hbw.com/species/carolina-parakeet-conuropsis-carolinensis#Descriptive_notes
Chatham albatross,https://www.hbw.com/sites/default/files/styles/h_340/public/ibc/p/E7D_7126A.jpg?itok=J2wAKdq2,https://www.hbw.com/species/chatham-albatross-thalassarche-eremita#Taxonomy
Chestnut-bellied sandgrouse,https://www.hbw.com/sites/default/files/styles/h_340/public/ibc/p/pteexu46225.jpg?itok=WX4pqQBJ,https://www.hbw.com/species/chestnut-bellied-sandgrouse-pterocles-exustus#Taxonomy
Chinese egret,https://www.hbw.com/sites/default/files/styles/h_340/public/ibc/p/Chinese_Egret_3.jpg?itok=eBTorDuB,https://www.hbw.com/species/chinese-egret-egretta-eulophotes#Taxonomy
Chinese sparrowhawk,https://www.hbw.com/sites/default/files/styles/h_340/public/ibc/p/FSM_3277.jpg?itok=GUrxJCQI,https://www.hbw.com/species/chinese-sparrowhawk-accipiter-soloensis#Taxonomy
Cinnamon hummingbird,no image,no link
Citrine wagtail,https://www.hbw.com/sites/default/files/styles/h_340/public/ibc/p/c17119.jpg?itok=AvJ94-rr,https://www.hbw.com/species/citrine-wagtail-motacilla-citreola#Taxonomy
Clay-colored thrush,https://www.hbw.com/sites/default/files/styles/h_340/public/ibc/p/Clay-colored-Thrush-Dusan-Brinkhuizen-IBC.jpg?itok=iYUAz6hA,https://www.hbw.com/species/clay-colored-thrush-turdus-grayi#Taxonomy
Colima warbler,https://www.hbw.com/sites/default/files/styles/h_340/public/ibc/p/Colima_Warbler_1_Chisos_Mtn_BB_100425_4738.jpg?itok=ryyGYKkb,https://www.hbw.com/species/colima-warbler-leiothlypis-crissalis#Taxonomy
Collared plover,https://www.hbw.com/sites/default/files/styles/h_340/public/ibc/p/collared-plover8.jpg?itok=IACQQAD_,https://www.hbw.com/species/collared-plover-charadrius-collaris#Taxonomy
Common black hawk,no image,no link
Common chaffinch,https://www.hbw.com/sites/default/files/styles/h_340/public/ibc/p/chaffinch_male_slovakia_april_harvancik_8.jpg?itok=68lnyNSp,https://www.hbw.com/species/common-chaffinch-fringilla-coelebs#Taxonomy
Common chiffchaff,https://www.hbw.com/sites/default/files/styles/h_340/public/ibc/p/7243_gransanage_phylloscopus_collybita_falkenberg_halland_20091230_2_1200.jpg?itok=kaMRUI_6,https://www.hbw.com/species/common-chiffchaff-phylloscopus-collybita#Taxonomy
Common cuckoo,https://www.hbw.com/sites/default/files/styles/h_340/public/ibc/p/bf6e2152_eurasian_cuckoo.jpg?itok=jD5X7H9x,https://www.hbw.com/species/common-cuckoo-cuculus-canorus#Taxonomy
Common greenshank,https://www.hbw.com/sites/default/files/styles/h_340/public/ibc/p/common_greenshank_2015-04-10_laverton_creek_mouth.jpg?itok=SIiU8WYH,https://www.hbw.com/species/common-greenshank-tringa-nebularia#Taxonomy
Common redshank,https://www.hbw.com/sites/default/files/styles/h_340/public/ibc/p/c12123.jpg?itok=7gm2T1j_,https://www.hbw.com/species/common-redshank-tringa-totanus#Taxonomy
Common redstart,https://www.hbw.com/sites/default/files/styles/h_340/public/ibc/p/8369_common_redstart_rodstjart_phoenicurus_phoenicurus_risingehamn_oland_20161017_1_1000.jpg?itok=JsBd6F03,https://www.hbw.com/species/common-redstart-phoenicurus-phoenicurus#Taxonomy
Common ringed plover,no image,no link
Common sandpiper,https://www.hbw.com/sites/default/files/styles/h_340/public/ibc/p/lake-chad-buffalo--common-sandpiper-.jpg?itok=nJIbIcax,https://www.hbw.com/species/common-sandpiper-actitis-hypoleucos#Taxonomy
Common snipe,https://www.hbw.com/sites/default/files/styles/h_340/public/ibc/p/common_snipe_osudden_2003-08-31_1280.jpg?itok=pgOpekMu,https://www.hbw.com/species/common-snipe-gallinago-gallinago#Taxonomy
Common swift,https://www.hbw.com/sites/default/files/styles/h_340/public/ibc/p/apus_apus__harvancik_002_d_0.jpg?itok=XtuQKJ0v,https://www.hbw.com/species/common-swift-apus-apus#Taxonomy
Common waxbill,https://www.hbw.com/sites/default/files/styles/h_340/public/ibc/p/9109_20160925_2_1000.jpg?itok=LhkhV8z-,https://www.hbw.com/species/common-waxbill-estrilda-astrild#Taxonomy
Cooks petrel,no image,no link
Corn crake,no image,no link
Corys shearwater,no image,no link
Crane hawk,https://www.hbw.com/sites/default/files/styles/h_340/public/ibc/p/crane-hawk4.jpg?itok=s8QWLbPH,https://www.hbw.com/species/crane-hawk-geranospiza-caerulescens#Taxonomy
Craveris murrelet,no image,no link
Crescent-chested warbler,https://www.hbw.com/sites/default/files/styles/h_340/public/ibc/p/IMG_3687-001.JPG?itok=ojinN7Y7,https://www.hbw.com/species/crescent-chested-warbler-oreothlypis-superciliosa#Taxonomy
Crested auklet,https://www.hbw.com/sites/default/files/styles/h_340/public/ibc/p/1657_20160606_3_1000.jpg?itok=SqTHU8do,https://www.hbw.com/species/crested-auklet-aethia-cristatella#Taxonomy
Crimson-collared grosbeak,https://www.hbw.com/sites/default/files/styles/h_340/public/ibc/p/CCGRa.jpg?itok=x3wfBkzI,https://www.hbw.com/species/crimson-collared-grosbeak-caryothraustes-celaeno#Taxonomy
Crowned slaty flycatcher,no image,no link
Cuban martin,https://www.hbw.com/sites/default/files/styles/h_340/public/ibc/p/cuban_martin4.jpg?itok=2B99emgY,https://www.hbw.com/species/cuban-martin-progne-cryptoleuca#Taxonomy
Cuban pewee,https://www.hbw.com/sites/default/files/styles/h_340/public/ibc/p/cuban_pewee_pal_mp_cu.jpg?itok=9fhacS40,https://www.hbw.com/species/cuban-pewee-contopus-caribaeus#Taxonomy
Curlew sandpiper,https://www.hbw.com/sites/default/files/styles/h_340/public/ibc/p/curlew_sandpiper_iran.jpg?itok=j-qd1ZHg,https://www.hbw.com/species/curlew-sandpiper-calidris-ferruginea#Taxonomy
Dark-sided flycatcher,https://www.hbw.com/sites/default/files/styles/h_340/public/ibc/p/BF6E0832_Dark-sided_Flycatcher.jpg?itok=G3j3kQXH,https://www.hbw.com/species/dark-sided-flycatcher-muscicapa-sibirica#Taxonomy
Double-striped thick-knee,https://www.hbw.com/sites/default/files/styles/h_340/public/ibc/p/_s6a2033_w.jpg?itok=igNSgbE-,https://www.hbw.com/species/double-striped-thick-knee-burhinus-bistriatus#Taxonomy
Double-toothed kite,https://www.hbw.com/sites/default/files/styles/h_340/public/ibc/p/double-toothed-kite6.jpg?itok=enREiWXJ,https://www.hbw.com/species/double-toothed-kite-harpagus-bidentatus#Taxonomy
Dusky thrush,https://www.hbw.com/sites/default/files/styles/h_340/public/ibc/p/dusky_thrush_bocos2.jpg?itok=IknWiidw,https://www.hbw.com/species/dusky-thrush-turdus-eunomus#Taxonomy
Dusky warbler,https://www.hbw.com/sites/default/files/styles/h_340/public/ibc/p/e72e4677.jpg?itok=p1_tli7K,https://www.hbw.com/species/dusky-warbler-phylloscopus-fuscatus#Taxonomy
Dusky-capped flycatcher,https://www.hbw.com/sites/default/files/styles/h_340/public/ibc/p/5402_dusky-capped_flycatcher_myiarchus_tuberculifer_tandayapa_bird_lodge_pichincha_ecuador_20140107_1_1600.jpg?itok=N52JyNF_,https://www.hbw.com/species/dusky-capped-flycatcher-myiarchus-tuberculifer#Taxonomy
Eared quetzal,https://www.hbw.com/sites/default/files/styles/h_340/public/ibc/p/IMG_0475.JPG?itok=6nfSYB6b,https://www.hbw.com/species/eared-quetzal-euptilotis-neoxenus#Taxonomy
Eastern yellow wagtail,no image,no link
Elf owl,https://www.hbw.com/sites/default/files/styles/h_340/public/ibc/p/elf_owl_04.jpg?itok=FcpLaGep,https://www.hbw.com/species/elf-owl-micrathene-whitneyi#Taxonomy
Erckels francolin,no image,no link
Eskimo curlew,https://www.hbw.com/sites/default/files/styles/h_340/public/ibc/p/charscola6811.jpg?itok=qEvY9mlA,https://www.hbw.com/species/eskimo-curlew-numenius-borealis#Taxonomy
Eurasian bullfinch,https://www.hbw.com/sites/default/files/styles/h_340/public/ibc/p/img_2949.jpg?itok=i6_CbVEJ,https://www.hbw.com/species/eurasian-bullfinch-pyrrhula-pyrrhula#Taxonomy
Eurasian coot,no image,no link
Eurasian curlew,https://www.hbw.com/sites/default/files/styles/h_340/public/ibc/p/1560_20160121_1_1000.jpg?itok=KobFuQ0Y,https://www.hbw.com/species/eurasian-curlew-numenius-arquata#Taxonomy
Eurasian dotterel,https://www.hbw.com/sites/default/files/styles/h_340/public/ibc/p/1491_fjallpipare_charadrius_morinellus_lingome_halland_20100515_4_1200.jpg?itok=8JwUADJ-,https://www.hbw.com/species/eurasian-dotterel-eudromias-morinellus#Taxonomy
Eurasian hobby,https://www.hbw.com/sites/default/files/styles/h_340/public/ibc/p/_MG_0737-bewerkt-3.jpg?itok=5-VF2mYi,https://www.hbw.com/species/eurasian-hobby-falco-subbuteo#Taxonomy
Eurasian oystercatcher,https://www.hbw.com/sites/default/files/styles/h_340/public/ibc/p/b21a2506.jpg?itok=7RZjzQg9,https://www.hbw.com/species/eurasian-oystercatcher-haematopus-ostralegus#Taxonomy
Eurasian skylark,https://www.hbw.com/sites/default/files/styles/h_340/public/ibc/p/69_alau_arv.jpg?itok=7b9qp1OV,https://www.hbw.com/species/eurasian-skylark-alauda-arvensis#Taxonomy
Eurasian woodcock,https://www.hbw.com/sites/default/files/styles/h_340/public/ibc/p/20160616-sni_8706.jpg?itok=PRwVXMLX,https://www.hbw.com/species/eurasian-woodcock-scolopax-rusticola#Taxonomy
Eurasian wryneck,https://www.hbw.com/sites/default/files/styles/h_340/public/ibc/p/img_3672.jpg?itok=gk09uYZf,https://www.hbw.com/species/eurasian-wryneck-jynx-torquilla#Taxonomy
Eyebrowed thrush,https://www.hbw.com/sites/default/files/styles/h_340/public/ibc/p/bf6e0514_eye-browed_thrush.jpg?itok=QJR8CwCZ,https://www.hbw.com/species/eyebrowed-thrush-turdus-obscurus#Taxonomy
Far Eastern curlew,no image,no link
Feas petrel,no image,no link
Fieldfare,no image,no link
Five-striped sparrow,https://www.hbw.com/sites/default/files/styles/h_340/public/ibc/p/five-striped_sparrow_22.jpg?itok=7J1qM__p,https://www.hbw.com/species/five-striped-sparrow-amphispiza-quinquestriata#Taxonomy
Flame-colored tanager,https://www.hbw.com/sites/default/files/styles/h_340/public/ibc/p/Comidas_Mirian_S_Gerardo_888M4MEJOR.jpg?itok=jwgMAcBf,https://www.hbw.com/species/flame-colored-tanager-piranga-bidentata#Taxonomy
Flesh-footed shearwater,https://www.hbw.com/sites/default/files/styles/h_340/public/ibc/p/DSC_8337.jpg?itok=rHTtE8Cq,https://www.hbw.com/species/flesh-footed-shearwater-ardenna-carneipes#Taxonomy
Golden-crowned warbler,https://www.hbw.com/sites/default/files/styles/h_340/public/ibc/p/_MG_1851.jpg?itok=f6GWOQgd,https://www.hbw.com/species/golden-crowned-warbler-basileuterus-auricapilla#Taxonomy
Great auk,https://www.hbw.com/sites/default/files/styles/h_340/public/ibc/p/dsc_0539_1.jpg?itok=Ai7sSu14,https://www.hbw.com/species/great-auk-pinguinus-impennis#Descriptive_notes
Great frigatebird,https://www.hbw.com/sites/default/files/styles/h_340/public/ibc/p/imgp0410.jpg?itok=Ci18gLUu,https://www.hbw.com/species/great-frigatebird-fregata-minor#Taxonomy
Great knot,https://www.hbw.com/sites/default/files/styles/h_340/public/ibc/p/1582_20160121_1_1000.jpg?itok=MjKn3sII,https://www.hbw.com/species/great-knot-calidris-tenuirostris#Taxonomy
Great shearwater,https://www.hbw.com/sites/default/files/styles/h_340/public/ibc/p/e7d_7275.jpg?itok=_C7xT1Df,https://www.hbw.com/species/great-shearwater-ardenna-gravis#Taxonomy
Great skua,https://www.hbw.com/sites/default/files/styles/h_340/public/ibc/p/e7d_6997.jpg?itok=QSqEnoSL,https://www.hbw.com/species/great-skua-catharacta-skua#Taxonomy
Great spotted woodpecker,no image,no link
Greater amakihi,no image,https://www.hbw.com/species/greater-amakihi-viridonia-sagittirostris#Descriptive_notes
Greater necklaced laughingthrush,no image,no link
Great-winged petrel,https://www.hbw.com/sites/default/files/styles/h_340/public/ibc/p/img_5673_1.jpg?itok=m5dzBHva,https://www.hbw.com/species/great-winged-petrel-pterodroma-macroptera#Taxonomy
Green kingfisher,no image,no link
Green parakeet,no image,no link
Green sandpiper,https://www.hbw.com/sites/default/files/styles/h_340/public/ibc/p/ar7q2354_kal.per_.jpg?itok=5ajlC_pY,https://www.hbw.com/species/green-sandpiper-tringa-ochropus#Taxonomy
Green-breasted mango,https://www.hbw.com/sites/default/files/styles/h_340/public/ibc/p/antpre43870.jpg?itok=PQts_Q1v,https://www.hbw.com/species/green-breasted-mango-anthracothorax-prevostii#Taxonomy
Guadalupe murrelet,no image,https://www.hbw.com/species/guadalupe-murrelet-synthliboramphus-hypoleucus#Taxonomy
Hawaii elepaio,https://www.hbw.com/sites/default/files/styles/h_340/public/ibc/p/elapaio-2.jpg?itok=lb9xLWym,https://www.hbw.com/species/hawaii-elepaio-chasiempis-sandwichensis#Taxonomy
Hawaiian crow,https://www.hbw.com/sites/default/files/styles/h_340/public/ibc/p/Corvus_hawaiiensis_Photo_JH04.jpg?itok=J6DQl8Bd,https://www.hbw.com/species/hawaiian-crow-corvus-hawaiiensis#Taxonomy
Hawaiian hawk,https://www.hbw.com/sites/default/files/styles/h_340/public/ibc/p/Buteo_solitarius_6_IBC.Imagen_fija001.jpg?itok=sFBl5bvA,https://www.hbw.com/species/hawaiian-hawk-buteo-solitarius#Taxonomy
Hawaiian petrel,https://www.hbw.com/sites/default/files/styles/h_340/public/ibc/p/p1020591.jpg?itok=a_7kxeBl,https://www.hbw.com/species/hawaiian-petrel-pterodroma-sandwichensis#Taxonomy
Hawfinch,no image,no link
Herald petrel,https://www.hbw.com/sites/default/files/styles/h_340/public/ibc/p/306.JPG?itok=C0RARcx5,https://www.hbw.com/species/herald-petrel-pterodroma-heraldica#Taxonomy
Himalayan snowcock,https://www.hbw.com/sites/default/files/styles/h_340/public/ibc/p/32299.jpg?itok=JHQqbtSc,https://www.hbw.com/species/himalayan-snowcock-tetraogallus-himalayensis#Taxonomy
Hook-billed kite,https://www.hbw.com/sites/default/files/styles/h_340/public/ibc/p/hook-billed-kite2a.jpg?itok=qPNDNrni,https://www.hbw.com/species/hook-billed-kite-chondrohierax-uncinatus#Taxonomy
Indian silverbill,https://www.hbw.com/sites/default/files/styles/h_340/public/ibc/p/ar7q1227_a.jpg?itok=yIv5Ub4I,https://www.hbw.com/species/indian-silverbill-euodice-malabarica#Taxonomy
Intermediate egret,https://www.hbw.com/sites/default/files/styles/h_340/public/ibc/p/Large_Egret_SRS_3582.jpg?itok=WuYtaOCq,https://www.hbw.com/species/intermediate-egret-ardea-intermedia#Taxonomy
Jabiru,no image,no link
Jack snipe,https://www.hbw.com/sites/default/files/styles/h_340/public/ibc/p/Becassine_sourde_6BB_29102007_-_Ouessant.jpg?itok=_0jghN-O,https://www.hbw.com/species/jack-snipe-lymnocryptes-minimus#Taxonomy
Japanese bush warbler,no image,no link
Japanese quail,https://www.hbw.com/sites/default/files/styles/h_340/public/ibc/p/Japanese_Quail_2.jpg?itok=PHLMEhBJ,https://www.hbw.com/species/japanese-quail-coturnix-japonica#Taxonomy
Japanese white-eye,https://www.hbw.com/sites/default/files/styles/h_340/public/ibc/p/07_Japanese_White-eye.jpg?itok=D0LfNooX,https://www.hbw.com/species/japanese-white-eye-zosterops-japonicus#Taxonomy
Java sparrow,https://www.hbw.com/sites/default/files/styles/h_340/public/ibc/p/9189_java_sparrow_lonchura_oryzivora_chake_chake_pemba_island_tanzania_20141227_2_1000.jpg?itok=RCpTu2F9,https://www.hbw.com/species/java-sparrow-lonchura-oryzivora#Taxonomy
Jouanins petrel,no image,no link
Kalij pheasant,https://www.hbw.com/sites/default/files/styles/h_340/public/ibc/p/860058571512c8dc9c173c.jpg?itok=qTUErRvx,https://www.hbw.com/species/kalij-pheasant-lophura-leucomelanos#Taxonomy
Kamchatka leaf warbler,no image,no link
Kauai elepaio,https://www.hbw.com/sites/default/files/styles/h_340/public/ibc/p/Kauai_Elepaio_c_Jim_Denny_IBC.jpg?itok=8aXUbYAQ,https://www.hbw.com/species/kauai-elepaio-chasiempis-sclateri#Taxonomy
Kelp gull,https://www.hbw.com/sites/default/files/styles/h_340/public/ibc/p/bagre.jpg?itok=ZeT0hYC7,https://www.hbw.com/species/kelp-gull-larus-dominicanus#Taxonomy
Key West quail-dove,no image,no link
Kioea,no image,no link
Kittlitzs murrelet,no image,no link
Kona grosbeak,no image,https://www.hbw.com/species/kona-grosbeak-chloridops-kona#Descriptive_notes
La Sagras flycatcher,no image,no link
Lanai hookbill,no image,https://www.hbw.com/species/lanai-hookbill-dysmorodrepanis-munroi#Descriptive_notes
Lanceolated warbler,https://www.hbw.com/sites/default/files/styles/h_340/public/ibc/p/7163_trasksangare_locustella_lanceolata_bleckasen_jamtland_20110711_1_1200.jpg?itok=mHn1v_A-,https://www.hbw.com/species/lanceolated-warbler-locustella-lanceolata#Taxonomy
Large-billed tern,https://www.hbw.com/sites/default/files/styles/h_340/public/ibc/p/Phaetusa_simplex__MG_2888.JPG?itok=6R6FzsHq,https://www.hbw.com/species/large-billed-tern-phaetusa-simplex#Taxonomy
Lavender waxbill,https://www.hbw.com/sites/default/files/styles/h_340/public/ibc/p/10-Lavender-Waxbill.jpg?itok=ZIEzhSRS,https://www.hbw.com/species/lavender-waxbill-estrilda-coerulescens#Taxonomy
Laysan finch,no image,https://www.hbw.com/species/laysan-finch-telespiza-cantans#Taxonomy
Laysan honeycreeper,no image,https://www.hbw.com/species/laysan-honeycreeper-himatione-fraithii#Descriptive_notes
Laysan rail,no image,https://www.hbw.com/species/laysan-rail-zapornia-palmeri#Descriptive_notes
Least auklet,https://www.hbw.com/sites/default/files/styles/h_340/public/ibc/p/1659_20160606_2_1000.jpg?itok=SSMT8SCW,https://www.hbw.com/species/least-auklet-aethia-pusilla#Taxonomy
Lesser akialoa,no image,no link
Lesser whitethroat,https://www.hbw.com/sites/default/files/styles/h_340/public/ibc/p/b21a6656b-2.jpg?itok=g_jG9BUw,https://www.hbw.com/species/lesser-whitethroat-sylvia-curruca#Taxonomy
Light-mantled albatross,https://www.hbw.com/sites/default/files/styles/h_340/public/ibc/p/137_-_Copie.JPG?itok=TMSKZaw3,https://www.hbw.com/species/light-mantled-albatross-phoebetria-palpebrata#Taxonomy
Little bunting,https://www.hbw.com/sites/default/files/styles/h_340/public/ibc/p/9723_dvargsparv_emberiza_pusilla_torsberg_smaland_20091212_1_1200.jpg?itok=UabS43VZ,https://www.hbw.com/species/little-bunting-emberiza-pusilla#Taxonomy
Little curlew,https://www.hbw.com/sites/default/files/styles/h_340/public/ibc/p/little_curlew_2279.jpg?itok=s2-n9xjF,https://www.hbw.com/species/little-curlew-numenius-minutus#Taxonomy
Little egret,no image,no link
Little ringed plover,no image,no link
Little stint,https://www.hbw.com/sites/default/files/styles/h_340/public/ibc/p/ar7q2455_pobreznik.jpg?itok=dkk2GQtg,https://www.hbw.com/species/little-stint-calidris-minuta#Taxonomy
Loggerhead kingbird,https://www.hbw.com/sites/default/files/styles/h_340/public/ibc/p/loggerhead_kingbird-dusan-brinkhuizen-ibc.jpg?itok=YbeX7wL9,https://www.hbw.com/species/loggerhead-kingbird-tyrannus-caudifasciatus#Taxonomy
Long-tailed jaeger,https://www.hbw.com/sites/default/files/styles/h_340/public/ibc/p/159_0.jpg?itok=APlt6nGF,https://www.hbw.com/species/long-tailed-jaeger-stercorarius-longicaudus#Taxonomy
Long-toed stint,https://www.hbw.com/sites/default/files/styles/h_340/public/ibc/p/082a1569.jpg?itok=tsSoRo8O,https://www.hbw.com/species/long-toed-stint-calidris-subminuta#Taxonomy
Mangrove swallow,https://www.hbw.com/sites/default/files/styles/h_340/public/ibc/p/1o3a7365mangrovenschwalbea.jpg?itok=RhePnSUa,https://www.hbw.com/species/mangrove-swallow-tachycineta-albilinea#Taxonomy
Manx shearwater,https://www.hbw.com/sites/default/files/styles/h_340/public/ibc/p/_GP21913.jpg?itok=2iTUxiqb,https://www.hbw.com/species/manx-shearwater-puffinus-puffinus#Taxonomy
Mariana swiftlet,no image,https://www.hbw.com/species/mariana-swiftlet-aerodramus-bartschi#Taxonomy
Masked tityra,https://www.hbw.com/sites/default/files/styles/h_340/public/ibc/p/titsem43314.jpg?itok=Op1NxUoM,https://www.hbw.com/species/masked-tityra-tityra-semifasciata#Taxonomy
Maui akepa,no image,https://www.hbw.com/species/maui-akepa-loxops-ochraceus#Taxonomy
Maui nukupuu,no image,https://www.hbw.com/species/maui-nukupuu-hemignathus-affinis#Taxonomy
Maui parrotbill,https://www.hbw.com/sites/default/files/styles/h_340/public/ibc/p/Maui_Parrotbill.jpg?itok=jMB9k6JG,https://www.hbw.com/species/maui-parrotbill-pseudonestor-xanthophrys#Taxonomy
McKays bunting,no image,no link
Mexican chickadee,https://www.hbw.com/sites/default/files/styles/h_340/public/ibc/p/Poecile_sclateri.JPG?itok=eME2tY8i,https://www.hbw.com/species/mexican-chickadee-poecile-sclateri#Taxonomy
Mexican violetear,no image,no link
Mexican whip-poor-will,https://www.hbw.com/sites/default/files/styles/h_340/public/ibc/p/mexican_whip_poorwill_dusan_brinkhuizen_ibc.jpg?itok=cX1RgvkU,https://www.hbw.com/species/mexican-whip-poor-will-antrostomus-arizonae#Taxonomy
Millerbird,no image,no link
Mottled owl,https://www.hbw.com/sites/default/files/styles/h_340/public/ibc/p/2798_mottled_owl_strix_virgata_amazon_manu_lodge_peru_20091111_2_1200.jpg?itok=G47g2v1F,https://www.hbw.com/species/mottled-owl-ciccaba-virgata#Taxonomy
Mottled petrel,https://www.hbw.com/sites/default/files/styles/h_340/public/ibc/p/Pterodroma_inexpectata_1.jpg?itok=5aVUIELa,https://www.hbw.com/species/mottled-petrel-pterodroma-inexpectata#Taxonomy
Mugimaki flycatcher,https://www.hbw.com/sites/default/files/styles/h_340/public/ibc/p/Mugimaki_Flycatcher_0.jpg?itok=ZbA8oujx,https://www.hbw.com/species/mugimaki-flycatcher-ficedula-mugimaki#Taxonomy
Murphys petrel,no image,no link
Nanday parakeet,https://www.hbw.com/sites/default/files/styles/h_340/public/ibc/p/periquito_de_cabeca_preta.jpg?itok=Gh84RKes,https://www.hbw.com/species/nanday-parakeet-aratinga-nenday#Taxonomy
Newells shearwater,no image,no link
Nihoa finch,no image,https://www.hbw.com/species/nihoa-finch-telespiza-ultima#Taxonomy
Northern lapwing,https://www.hbw.com/sites/default/files/styles/h_340/public/ibc/p/ar7q1456.jpg?itok=5JvavMmX,https://www.hbw.com/species/northern-lapwing-vanellus-vanellus#Taxonomy
Northern wheatear,https://www.hbw.com/sites/default/files/styles/h_340/public/ibc/p/dsc_2029b.jpg?itok=54_CAncH,https://www.hbw.com/species/northern-wheatear-oenanthe-oenanthe#Taxonomy
Nuttings flycatcher,no image,no link
Oahu akepa,no image,https://www.hbw.com/species/oahu-akepa-loxops-wolstenholmei#Descriptive_notes
Oahu alauahio,no image,https://www.hbw.com/species/oahu-alauahio-paroreomyza-maculata#Taxonomy
Oahu amakihi,https://www.hbw.com/sites/default/files/styles/h_340/public/ibc/p/oahu_amakihi_4_for_web.jpg?itok=7C_uf3aV,https://www.hbw.com/species/oahu-amakihi-chlorodrepanis-flava#Taxonomy
Oahu elepaio,https://www.hbw.com/sites/default/files/styles/h_340/public/ibc/p/Chasiempis_sandwichensis_ibidis_3.Imagen_fija001.jpg?itok=Iua1wcNT,https://www.hbw.com/species/oahu-elepaio-chasiempis-ibidis#Taxonomy
Oahu nukupuu,no image,https://www.hbw.com/species/oahu-nukupuu-hemignathus-lucidus#Descriptive_notes
Olive sparrow,https://www.hbw.com/sites/default/files/styles/h_340/public/ibc/p/olivesparrow_sanygn_tx_4_18_17_A_A61T4873.jpg?itok=DKA2QZKD,https://www.hbw.com/species/olive-sparrow-arremonops-rufivirgatus#Taxonomy
Olive warbler,no image,no link
Olive-backed pipit,https://www.hbw.com/sites/default/files/styles/h_340/public/ibc/p/BF6E6997_Olive-backed_Pipit.jpg?itok=62YOtbXQ,https://www.hbw.com/species/olive-backed-pipit-anthus-hodgsoni#Taxonomy
Orange-billed nightingale-thrush,https://www.hbw.com/sites/default/files/styles/h_340/public/ibc/p/717A5982FOROS.jpg?itok=n9H8Hcxg,https://www.hbw.com/species/orange-billed-nightingale-thrush-catharus-aurantiirostris#Taxonomy
Orange-cheeked waxbill,https://www.hbw.com/sites/default/files/styles/h_340/public/ibc/p/bf6e2739_orange-cheeked_waxbill.jpg?itok=Ybz7_z_4,https://www.hbw.com/species/orange-cheeked-waxbill-estrilda-melpoda#Taxonomy
Oriental cuckoo,https://www.hbw.com/sites/default/files/styles/h_340/public/ibc/p/1o3a7946hopfkuckucka.jpg?itok=OnUHmw5A,https://www.hbw.com/species/oriental-cuckoo-cuculus-saturatus#Taxonomy
Oriental pratincole,https://www.hbw.com/sites/default/files/styles/h_340/public/ibc/p/1635_oriental_pratincole_glareola_maldivarum_haha-jima_ogasawara_islands_japan_20170527_1_1000.jpg?itok=pmb6tdEk,https://www.hbw.com/species/oriental-pratincole-glareola-maldivarum#Taxonomy
Pacific swift,https://www.hbw.com/sites/default/files/styles/h_340/public/ibc/p/3105_pacific_swift_apus_pacificus_pacificus_lake_furen_hokkaido_japan_20170610_4_1000.jpg?itok=vsWOZ3G5,https://www.hbw.com/species/pacific-swift-apus-pacificus#Taxonomy
Paint-billed crake,https://www.hbw.com/sites/default/files/styles/h_340/public/ibc/p/DSC_8559_0.JPG?itok=QHELdAGc,https://www.hbw.com/species/paint-billed-crake-neocrex-erythrops#Taxonomy
Palila,no image,no link
Pallass leaf warbler,no image,no link
Pallass rosefinch,no image,no link
Parasitic jaeger,https://www.hbw.com/sites/default/files/styles/h_340/public/ibc/p/kustlabb_stercorarius_parasiticus_bastads_hamn_skane_20091005_6_1200.jpg?itok=ezyRRGHU,https://www.hbw.com/species/arctic-jaeger-stercorarius-parasiticus#Taxonomy
Passenger pigeon,https://www.hbw.com/sites/default/files/styles/h_340/public/ibc/p/dsc_0755.jpg?itok=2_M_m4kW,https://www.hbw.com/species/passenger-pigeon-ectopistes-migratorius#Descriptive_notes
Pechora pipit,https://www.hbw.com/sites/default/files/styles/h_340/public/ibc/p/Pipit_de_la_Petchora_2BB_09102009_-_Ouessant.jpg?itok=Q3Es-HXl,https://www.hbw.com/species/pechora-pipit-anthus-gustavi#Taxonomy
Pink-footed shearwater,https://www.hbw.com/sites/default/files/styles/h_340/public/ibc/p/pinkfootedshearwater_flt_pnkft_mont_ca_9_9_15_A_A61T1916.jpg?itok=Cv4XTa6o,https://www.hbw.com/species/pink-footed-shearwater-ardenna-creatopus#Taxonomy
Piratic flycatcher,https://www.hbw.com/sites/default/files/styles/h_340/public/ibc/p/pirata_aa.jpg?itok=XEYUgwsC,https://www.hbw.com/species/piratic-flycatcher-legatus-leucophaius#Taxonomy
Plain-capped starthroat,https://www.hbw.com/sites/default/files/styles/h_340/public/ibc/p/CASA_200513_126FOROS_O3_.jpg?itok=HvhbiD0T,https://www.hbw.com/species/plain-capped-starthroat-heliomaster-constantii#Taxonomy
Pomarine jaeger,https://www.hbw.com/sites/default/files/styles/h_340/public/ibc/p/polarjo_reve_ibc.jpg?itok=-Zzbbo_k,https://www.hbw.com/species/pomarine-jaeger-stercorarius-pomarinus#Taxonomy
Providence petrel,https://www.hbw.com/sites/default/files/styles/h_340/public/ibc/p/Providence_Petrel_cBenLascelles_21-10-07.jpg?itok=jG9LnFVa,https://www.hbw.com/species/providence-petrel-pterodroma-solandri#Taxonomy
Puaiohi,no image,no link
Red avadavat,https://www.hbw.com/sites/default/files/styles/h_340/public/ibc/p/red_avadavat.jpg?itok=aGXifVWG,https://www.hbw.com/species/red-avadavat-amandava-amandava#Taxonomy
Red phalarope,no image,no link
Red-billed leiothrix,https://www.hbw.com/sites/default/files/styles/h_340/public/ibc/p/_dsc0102-edit-2.jpg?itok=_dtlMz5T,https://www.hbw.com/species/red-billed-leiothrix-leiothrix-lutea#Taxonomy
Red-billed pigeon,https://www.hbw.com/sites/default/files/styles/h_340/public/ibc/p/bf6e6016_red-billed_pigeon.jpg?itok=R3YSCAU1,https://www.hbw.com/species/red-billed-pigeon-patagioenas-flavirostris#Taxonomy
Red-billed tropicbird,https://www.hbw.com/sites/default/files/styles/h_340/public/ibc/p/Red_billed_Tropicbird_Phaethon_aethereus.jpg?itok=m7CMORt7,https://www.hbw.com/species/red-billed-tropicbird-phaethon-aethereus#Taxonomy
Red-crested cardinal,https://www.hbw.com/sites/default/files/styles/h_340/public/ibc/p/28402444160_21512a2466_o.jpg?itok=LbJ0m7Qz,https://www.hbw.com/species/red-crested-cardinal-paroaria-coronata#Taxonomy
Red-faced cormorant,https://www.hbw.com/sites/default/files/styles/h_340/public/ibc/p/858_20160606_3_1000.jpg?itok=neHXQ0Cz,https://www.hbw.com/species/red-faced-cormorant-phalacrocorax-urile#Taxonomy
Red-flanked bluetail,no image,no link
Red-footed falcon,https://www.hbw.com/sites/default/files/styles/h_340/public/ibc/p/Red-footed_Falcon_Falco_vespertinus.jpg?itok=3XmXj4o_,https://www.hbw.com/species/red-footed-falcon-falco-vespertinus#Taxonomy
Red-legged honeycreeper,https://www.hbw.com/sites/default/files/styles/h_340/public/ibc/p/red-legged-honeycreeper2.jpg?itok=cok8scg0,https://www.hbw.com/species/red-legged-honeycreeper-cyanerpes-cyaneus#Taxonomy
Red-legged kittiwake,https://www.hbw.com/sites/default/files/styles/h_340/public/ibc/p/1720_20160607_1_1000.jpg?itok=8S2RhIji,https://www.hbw.com/species/red-legged-kittiwake-rissa-brevirostris#Taxonomy
Red-legged thrush,no image,no link
Red-necked phalarope,https://www.hbw.com/sites/default/files/styles/h_340/public/ibc/p/img_8062.jpg?itok=NTqx84sx,https://www.hbw.com/species/red-necked-phalarope-phalaropus-lobatus#Taxonomy
Red-necked stint,https://www.hbw.com/sites/default/files/styles/h_340/public/ibc/p/1587_20160618_2_1000.jpg?itok=no0Zo_bF,https://www.hbw.com/species/red-necked-stint-calidris-ruficollis#Taxonomy
Red-tailed tropicbird,https://www.hbw.com/sites/default/files/styles/h_340/public/ibc/p/mad_7137.jpg?itok=y4XfjJkQ,https://www.hbw.com/species/red-tailed-tropicbird-phaethon-rubricauda#Taxonomy
Red-throated pipit,https://www.hbw.com/sites/default/files/styles/h_340/public/ibc/p/ar7q6170.jpg?itok=JrKBvcuc,https://www.hbw.com/species/red-throated-pipit-anthus-cervinus#Taxonomy
Red-vented bulbul,https://www.hbw.com/sites/default/files/styles/h_340/public/ibc/p/red_vented_bulbul_bocos.jpg?itok=rWqI-qUP,https://www.hbw.com/species/red-vented-bulbul-pycnonotus-cafer#Taxonomy
Red-whiskered bulbul,https://www.hbw.com/sites/default/files/styles/h_340/public/ibc/p/Red-whiskered_Bulbul_0.jpg?itok=o3mgdvhP,https://www.hbw.com/species/red-whiskered-bulbul-pycnonotus-jocosus#Taxonomy
Redwing,no image,no link
Ringed kingfisher,https://www.hbw.com/sites/default/files/styles/h_340/public/ibc/p/1o3a7131rotbrustfischerb.jpg?itok=plY17_8r,https://www.hbw.com/species/ringed-kingfisher-megaceryle-torquata#Taxonomy
Roadside hawk,https://www.hbw.com/sites/default/files/styles/h_340/public/ibc/p/IMG_2641_filtered.jpg?itok=koqf_UNM,https://www.hbw.com/species/roadside-hawk-rupornis-magnirostris#Taxonomy
Rose-ringed parakeet,https://www.hbw.com/sites/default/files/styles/h_340/public/ibc/p/2276_20151230_1_1000.jpg?itok=TDfPY3q_,https://www.hbw.com/species/rose-ringed-parakeet-psittacula-krameri#Taxonomy
Rose-throated becard,https://www.hbw.com/sites/default/files/styles/h_340/public/ibc/p/ABANGARES_JUNIO_2015_A_857_FOROS.jpg?itok=srg_4EqS,https://www.hbw.com/species/rose-throated-becard-pachyramphus-aglaiae#Taxonomy
Ruddy quail-dove,https://www.hbw.com/sites/default/files/styles/h_340/public/ibc/p/bf6e8461_ruddy_quail-dove.jpg?itok=xdiJ75if,https://www.hbw.com/species/ruddy-quail-dove-geotrygon-montana#Taxonomy
Ruff,no image,no link
Rufous-capped warbler,https://www.hbw.com/sites/default/files/styles/h_340/public/ibc/p/rufous-capped_warbler_IMG_9677.jpg?itok=fe3WGR3B,https://www.hbw.com/species/rufous-capped-warbler-basileuterus-rufifrons#Taxonomy
Rufous-tailed robin,https://www.hbw.com/sites/default/files/styles/h_340/public/ibc/p/8369765238_059d314ae9_o.jpg?itok=1zbzfNgf,https://www.hbw.com/species/rufous-tailed-robin-larvivora-sibilans#Taxonomy
Rustic bunting,https://www.hbw.com/sites/default/files/styles/h_340/public/ibc/p/9725_rustic_bunting_videsparv_emberiza_rustica_ojsjomyrarnas_naturreservat_jamtland_20140517_3_1600.jpg?itok=GECUEV1B,https://www.hbw.com/species/rustic-bunting-emberiza-rustica#Taxonomy
Saffron finch,https://www.hbw.com/sites/default/files/styles/h_340/public/ibc/p/9863_saffron_finch_sicalis_flaveola_zaruma_el_oro_ecuador_20131219_1_1600.jpg?itok=X9xAaYgy,https://www.hbw.com/species/saffron-finch-sicalis-flaveola#Taxonomy
Salvins albatross,no image,no link
Scaly-breasted munia,https://www.hbw.com/sites/default/files/styles/h_340/public/ibc/p/Scaly-breasted_Munia_Lonchura_punctulata2.jpg?itok=PU6JzUh9,https://www.hbw.com/species/scaly-breasted-munia-lonchura-punctulata#Taxonomy
Scaly-naped pigeon,https://www.hbw.com/sites/default/files/styles/h_340/public/ibc/p/patagioenas_squamosa_m_4.jpg?itok=PagpjzRe,https://www.hbw.com/species/scaly-naped-pigeon-patagioenas-squamosa#Taxonomy
Scarlet ibis,https://www.hbw.com/sites/default/files/styles/h_340/public/ibc/p/123a1726_scarlet_ibis.jpg?itok=NcWScMus,https://www.hbw.com/species/scarlet-ibis-eudocimus-ruber#Taxonomy
Scrippss murrelet,no image,no link
Sedge warbler,https://www.hbw.com/sites/default/files/styles/h_340/public/ibc/p/sivsanger_ibc.jpg?itok=TBzxtc41,https://www.hbw.com/species/sedge-warbler-acrocephalus-schoenobaenus#Taxonomy
Sharp-tailed sandpiper,https://www.hbw.com/sites/default/files/styles/h_340/public/ibc/p/Sharp-tailed_Sandpiper_2.jpg?itok=G0dUEgpx,https://www.hbw.com/species/sharp-tailed-sandpiper-calidris-acuminata#Taxonomy
Short-tailed albatross,https://www.hbw.com/sites/default/files/styles/h_340/public/ibc/p/_M4A5133.jpg?itok=E2j4OuiY,https://www.hbw.com/species/short-tailed-albatross-phoebastria-albatrus#Taxonomy
Short-tailed hawk,https://www.hbw.com/sites/default/files/styles/h_340/public/ibc/p/short-tailed_hawk_dusan_brinkhuizen_ibc.jpg?itok=KNHL_lcB,https://www.hbw.com/species/short-tailed-hawk-buteo-brachyurus#Taxonomy
Short-tailed shearwater,https://www.hbw.com/sites/default/files/styles/h_340/public/ibc/p/_Z1D7986a.jpg?itok=_1Z3bWBm,https://www.hbw.com/species/short-tailed-shearwater-ardenna-tenuirostris#Taxonomy
Siberian accentor,https://www.hbw.com/sites/default/files/styles/h_340/public/ibc/p/sibirisk_jernspurv_26.jpg?itok=xPgwX81i,https://www.hbw.com/species/siberian-accentor-prunella-montanella#Taxonomy
Siberian blue robin,no image,no link
Sinaloa wren,https://www.hbw.com/sites/default/files/styles/h_340/public/ibc/p/siwr.jpg?itok=s1sf7A4k,https://www.hbw.com/species/sinaloa-wren-thryophilus-sinaloa#Taxonomy
Slaty-backed gull,https://www.hbw.com/sites/default/files/styles/h_340/public/ibc/p/Goeland_a_manteau_ardoise_ad_2_06022010_-_Japon.jpg?itok=1sToVbSB,https://www.hbw.com/species/slaty-backed-gull-larus-schistisagus#Taxonomy
Slender-billed curlew,https://www.hbw.com/sites/default/files/styles/h_340/public/ibc/p/mlc.2011.0.310_a.jpg?itok=aYIUWJny,https://www.hbw.com/species/slender-billed-curlew-numenius-tenuirostris#Taxonomy
Smew,no image,no link
Social flycatcher,https://www.hbw.com/sites/default/files/styles/h_340/public/ibc/p/dsc_7981a.jpg?itok=O3LQra4x,https://www.hbw.com/species/social-flycatcher-myiozetetes-similis#Taxonomy
Solitary snipe,https://www.hbw.com/sites/default/files/styles/h_340/public/ibc/p/32005521644_96165c2856_k.jpg?itok=f98_7545,https://www.hbw.com/species/solitary-snipe-gallinago-solitaria#Taxonomy
Song thrush,https://www.hbw.com/sites/default/files/styles/h_340/public/ibc/p/img_4172.jpg?itok=Owuuy-6B,https://www.hbw.com/species/song-thrush-turdus-philomelos#Taxonomy
Sooty tern,https://www.hbw.com/sites/default/files/styles/h_340/public/ibc/p/Sooty_Tern.JPG?itok=mZxpvX5f,https://www.hbw.com/species/sooty-tern-onychoprion-fuscatus#Taxonomy
South polar skua,no image,no link
Southern martin,https://www.hbw.com/sites/default/files/styles/h_340/public/ibc/p/A_Southern_Martin_small.jpg?itok=60J9F7aJ,https://www.hbw.com/species/southern-martin-progne-elegans#Taxonomy
Spoon-billed sandpiper,https://www.hbw.com/sites/default/files/styles/h_340/public/ibc/p/spoon-billed_sandpiper.jpg?itok=NJhoSTz3,https://www.hbw.com/species/spoon-billed-sandpiper-calidris-pygmaea#Taxonomy
Spotted dove,no image,no link
Spotted flycatcher,https://www.hbw.com/sites/default/files/styles/h_340/public/ibc/p/muscicapa_striata_corsica_p_brichetti.jpg?itok=aabGevEt,https://www.hbw.com/species/spotted-flycatcher-muscicapa-striata#Taxonomy
Spotted rail,https://www.hbw.com/sites/default/files/styles/h_340/public/ibc/p/Gallineta_overa.jpg?itok=z3o0ymev,https://www.hbw.com/species/spotted-rail-pardirallus-maculatus#Taxonomy
Spotted redshank,https://www.hbw.com/sites/default/files/styles/h_340/public/ibc/p/dscn7925.jpg?itok=uw3Xi4OR,https://www.hbw.com/species/spotted-redshank-tringa-erythropus#Taxonomy
Stejnegers petrel,no image,no link
Streak-backed oriole,https://www.hbw.com/sites/default/files/styles/h_340/public/ibc/p/streak-backed_oriole_0.jpg?itok=gdv8NYn4,https://www.hbw.com/species/streak-backed-oriole-icterus-pustulatus#Taxonomy
Streaked shearwater,https://www.hbw.com/sites/default/files/styles/h_340/public/ibc/p/588_streaked_shearwater_calonectris_leucomelas_ferry_route_tokyo-ogasawara_islands_japan_20170526_1_1000.jpg?itok=98KyhSLQ,https://www.hbw.com/species/streaked-shearwater-calonectris-leucomelas#Taxonomy
Sulphur-bellied flycatcher,https://www.hbw.com/sites/default/files/styles/h_340/public/ibc/p/dsc_5330a.jpg?itok=yn-iPhv4,https://www.hbw.com/species/sulphur-bellied-flycatcher-myiodynastes-luteiventris#Taxonomy
Sungrebe,no image,no link
Swallow-tailed gull,https://www.hbw.com/sites/default/files/styles/h_340/public/ibc/p/juvenile_swallow-tailed_gull6k3a2035.jpg?itok=32A2phjm,https://www.hbw.com/species/swallow-tailed-gull-creagrus-furcatus#Taxonomy
Taiga flycatcher,no image,no link
Tamaulipas crow,https://www.hbw.com/sites/default/files/styles/h_340/public/ibc/p/TACRa.jpg?itok=Jg_HprNb,https://www.hbw.com/species/tamaulipas-crow-corvus-imparatus#Taxonomy
Tawny-shouldered blackbird,https://www.hbw.com/sites/default/files/styles/h_340/public/ibc/p/Carouge_petit.JPG?itok=vHqTtf2C,https://www.hbw.com/species/tawny-shouldered-blackbird-agelaius-humeralis#Taxonomy
Temmincks stint,no image,no link
Terek sandpiper,https://www.hbw.com/sites/default/files/styles/h_340/public/ibc/p/019.jpg?itok=iJ7omWby,https://www.hbw.com/species/terek-sandpiper-xenus-cinereus#Taxonomy
Thick-billed kingbird,https://www.hbw.com/sites/default/files/styles/h_340/public/ibc/p/5384_thick-billed_kingbird_tyrannus_crassirostris_patagonia_roadside_rest_area_arizona_usa_20110509_1_1600.jpg?itok=F1cOzDDA,https://www.hbw.com/species/thick-billed-kingbird-tyrannus-crassirostris#Taxonomy
Thick-billed parrot,https://www.hbw.com/sites/default/files/styles/h_340/public/ibc/p/18PSI_Rhynchopsitta_pachyrhyncha_JH.jpg?itok=F7Y44Ob2,https://www.hbw.com/species/thick-billed-parrot-rhynchopsitta-pachyrhyncha#Taxonomy
Thick-billed vireo,https://www.hbw.com/sites/default/files/styles/h_340/public/ibc/p/1o3a5740dickschnabelvireoa.jpg?itok=-_31SOtg,https://www.hbw.com/species/thick-billed-vireo-vireo-crassirostris#Taxonomy
Townsends shearwater,no image,no link
Tree pipit,https://www.hbw.com/sites/default/files/styles/h_340/public/ibc/p/e7d_2356.jpg?itok=qEXEl3ai,https://www.hbw.com/species/tree-pipit-anthus-trivialis#Taxonomy
Tropical parula,https://www.hbw.com/sites/default/files/styles/h_340/public/ibc/p/9480_tropical_parula_setophaga_pitiayumi_jorupe_loja_ecuador_20131220_1_1600.jpg?itok=4UgP8EPL,https://www.hbw.com/species/tropical-parula-setophaga-pitiayumi#Taxonomy
Variegated flycatcher,https://www.hbw.com/sites/default/files/styles/h_340/public/ibc/p/evarius-bomfim.jpg?itok=pGKxglVy,https://www.hbw.com/species/variegated-flycatcher-empidonomus-varius#Taxonomy
Violet-crowned hummingbird,https://www.hbw.com/sites/default/files/styles/h_340/public/ibc/p/Hummingbird_Violet-Crowned5.jpg?itok=GTLQn43b,https://www.hbw.com/species/violet-crowned-hummingbird-amazilia-violiceps#Taxonomy
Virginias warbler,no image,no link
Wandering albatross,https://www.hbw.com/sites/default/files/styles/h_340/public/ibc/p/img_0617_wanderin_albatross.jpg?itok=kf_zywmP,https://www.hbw.com/species/wandering-albatross-diomedea-exulans#Taxonomy
Wedge-tailed shearwater,https://www.hbw.com/sites/default/files/styles/h_340/public/ibc/p/_M4A3135.jpg?itok=ocKxBU2K,https://www.hbw.com/species/wedge-tailed-shearwater-ardenna-pacifica#Taxonomy
Western spindalis,https://www.hbw.com/sites/default/files/styles/h_340/public/ibc/p/western_spindalis_bahamas.jpg?itok=J4XvF888,https://www.hbw.com/species/western-spindalis-spindalis-zena#Taxonomy
Whiskered auklet,https://www.hbw.com/sites/default/files/styles/h_340/public/ibc/p/Whiskered_Auklet_Plymalka_Aethia_pygmaea.jpg?itok=ypb3kc8i,https://www.hbw.com/species/whiskered-auklet-aethia-pygmaea#Taxonomy
Whiskered tern,https://www.hbw.com/sites/default/files/styles/h_340/public/ibc/p/img_1017_0.jpg?itok=H0IcPfd5,https://www.hbw.com/species/whiskered-tern-chlidonias-hybrida#Taxonomy
White wagtail,no image,no link
White-capped albatross,https://www.hbw.com/sites/default/files/styles/h_340/public/ibc/p/f2030003g.jpg?itok=dD3NADY0,https://www.hbw.com/species/white-capped-albatross-thalassarche-steadi#Taxonomy
White-chinned petrel,https://www.hbw.com/sites/default/files/styles/h_340/public/ibc/p/_Z1D7812a.jpg?itok=Io0EXnUG,https://www.hbw.com/species/white-chinned-petrel-procellaria-aequinoctialis#Taxonomy
White-collared seedeater,https://www.hbw.com/sites/default/files/styles/h_340/public/ibc/p/Variable_seedeater_M_-_Bont_dikbekje_M.jpg?itok=qkMcgVHf,https://www.hbw.com/species/white-collared-seedeater-sporophila-morelleti#Taxonomy
White-collared swift,https://www.hbw.com/sites/default/files/styles/h_340/public/ibc/p/white-collared-swift_knut-eisermann.jpg?itok=zxBgwqj8,https://www.hbw.com/species/white-collared-swift-streptoprocne-zonaris#Taxonomy
White-crested elaenia,https://www.hbw.com/sites/default/files/styles/h_340/public/ibc/p/fio-fio_25_dec.jpg?itok=EQ1SxMCg,https://www.hbw.com/species/white-crested-elaenia-elaenia-albiceps#Taxonomy
White-eared hummingbird,https://www.hbw.com/sites/default/files/styles/h_340/public/ibc/p/Eisermann_Hylocharis_leucotis.jpg?itok=6Hz3Z7Y1,https://www.hbw.com/species/white-eared-hummingbird-basilinna-leucotis#Taxonomy
White-necked petrel,https://www.hbw.com/sites/default/files/styles/h_340/public/ibc/p/_c9i8596-01.jpg?itok=z43P7Oop,https://www.hbw.com/species/white-necked-petrel-pterodroma-cervicalis#Taxonomy
White-rumped shama,https://www.hbw.com/sites/default/files/styles/h_340/public/ibc/p/dsc_5470rs.jpg?itok=tE8PcRmo,https://www.hbw.com/species/white-rumped-shama-kittacincla-malabarica#Taxonomy
White-tailed eagle,no image,no link
White-tailed tropicbird,https://www.hbw.com/sites/default/files/styles/h_340/public/ibc/p/702_20170923_6_1000.jpg?itok=uRf7fhvu,https://www.hbw.com/species/white-tailed-tropicbird-phaethon-lepturus#Taxonomy
White-throated needletail,https://www.hbw.com/sites/default/files/styles/h_340/public/ibc/p/IMG_9264.jpg?itok=-IJtQ6H2,https://www.hbw.com/species/white-throated-needletail-hirundapus-caudacutus#Taxonomy
White-winged parakeet,https://www.hbw.com/sites/default/files/styles/h_340/public/ibc/p/_s6a2913.jpg?itok=cgY4pBGO,https://www.hbw.com/species/white-winged-parakeet-brotogeris-versicolurus#Taxonomy
White-winged tern,https://www.hbw.com/sites/default/files/styles/h_340/public/ibc/p/vitvingad_tarna__chlidonias_leucopterus_poland_june_9_2007_2_1280.jpg?itok=taytlVq5,https://www.hbw.com/species/white-winged-tern-chlidonias-leucopterus#Taxonomy
Willow warbler,https://www.hbw.com/sites/default/files/styles/h_340/public/ibc/p/b21a4695-2.jpg?itok=mTT_BwhJ,https://www.hbw.com/species/willow-warbler-phylloscopus-trochilus#Taxonomy
Wood sandpiper,https://www.hbw.com/sites/default/files/styles/h_340/public/ibc/p/ar7q6611_glar.jpg?itok=ahIbQe2B,https://www.hbw.com/species/wood-sandpiper-tringa-glareola#Taxonomy
Wood warbler,no image,no link
Worthens sparrow,no image,no link
Xantuss hummingbird,no image,no link
Yellow bittern,https://www.hbw.com/sites/default/files/styles/h_340/public/ibc/p/1-030-1.jpg?itok=nX-Jc6qO,https://www.hbw.com/species/yellow-bittern-ixobrychus-sinensis#Taxonomy
Yellow-billed cardinal,https://www.hbw.com/sites/default/files/styles/h_340/public/ibc/p/7j6a3755a.jpg?itok=yP9_pXC0,https://www.hbw.com/species/yellow-billed-cardinal-paroaria-capitata#Taxonomy
Yellow-billed loon,https://www.hbw.com/sites/default/files/styles/h_340/public/ibc/p/ar7q8857_a.jpg?itok=bRTrtE5q,https://www.hbw.com/species/yellow-billed-loon-gavia-adamsii#Taxonomy
Yellow-breasted bunting,https://www.hbw.com/sites/default/files/styles/h_340/public/ibc/p/_SYT8425_Yellow-breasted_bunting.jpg?itok=kgLlHVpR,https://www.hbw.com/species/yellow-breasted-bunting-emberiza-aureola#Taxonomy
Yellow-browed bunting,https://www.hbw.com/sites/default/files/styles/h_340/public/ibc/p/yellow-browwed_bunting__5.jpg?itok=zrp0wq8C,https://www.hbw.com/species/yellow-browed-bunting-emberiza-chrysophrys#Taxonomy
Yellow-browed warbler,https://www.hbw.com/sites/default/files/styles/h_340/public/ibc/p/yellow-browed_warbler_0.jpg?itok=mRcSdiJe,https://www.hbw.com/species/yellow-browed-warbler-phylloscopus-inornatus#Taxonomy
Yellow-eyed junco,https://www.hbw.com/sites/default/files/styles/h_340/public/ibc/p/9762_yellow-eyed_junco_junco_phaeonotus_miller_canyon_arizona_usa_20110510_1_1600.jpg?itok=ZJlSDKFm,https://www.hbw.com/species/yellow-eyed-junco-junco-phaeonotus#Taxonomy
Yellow-faced grassquit,https://www.hbw.com/sites/default/files/styles/h_340/public/ibc/p/dscn5013.jpg?itok=xTqEglqC,https://www.hbw.com/species/yellow-faced-grassquit-tiaris-olivaceus#Taxonomy
Yellow-footed gull,https://www.hbw.com/sites/default/files/styles/h_340/public/ibc/p/Larus_livens_05.jpg?itok=EuN5u4gX,https://www.hbw.com/species/yellow-footed-gull-larus-livens#Taxonomy
Yellow-fronted canary,https://www.hbw.com/sites/default/files/styles/h_340/public/ibc/p/9319_yellow-fronted_canary_crithagra_mozambica_mozambica_mida_creek_reserve_kenya_20141219_1_1000.jpg?itok=Y70eG0YD,https://www.hbw.com/species/yellow-fronted-canary-crithagra-mozambica#Taxonomy
Yellow-green vireo,https://www.hbw.com/sites/default/files/styles/h_340/public/ibc/p/Yellow-green-Vireo-Dusan-Brinkhuizen-IBC.jpg?itok=qby63ARM,https://www.hbw.com/species/yellow-green-vireo-vireo-flavoviridis#Taxonomy
Yellow-legged gull,https://www.hbw.com/sites/default/files/styles/h_340/public/ibc/p/1761_yellow-legged_gull_medelhavstrut_larus_michahellis_cap_de_formentor_mallorca_spain_20150510_1_1000.jpg?itok=8999Kkb5,https://www.hbw.com/species/yellow-legged-gull-larus-michahellis#Taxonomy
Yellow-throated bunting,https://www.hbw.com/sites/default/files/styles/h_340/public/ibc/p/yellow_throated_bunting_01.jpg?itok=R__3q3pH,https://www.hbw.com/species/yellow-throated-bunting-emberiza-elegans#Taxonomy
Yucatan vireo,https://www.hbw.com/sites/default/files/styles/h_340/public/ibc/p/virmag43908.jpg?itok=CpHSyHKM,https://www.hbw.com/species/yucatan-vireo-vireo-magister#Taxonomy
Zebra dove,https://www.hbw.com/sites/default/files/styles/h_340/public/ibc/p/151_1024x684_640x428.jpg?itok=6xv_y0C2,https://www.hbw.com/species/zebra-dove-geopelia-striata#Taxonomy
Zenaida dove,no image,no link
Zinos petrel,no image,no link
Common Pochard,https://www.hbw.com/sites/default/files/styles/h_340/public/ibc/p/ar7q9489_0.jpg?itok=6ka589HC,https://www.hbw.com/species/common-pochard-aythya-ferina#Taxonomy
Common Scoter,https://www.hbw.com/sites/default/files/styles/h_340/public/ibc/p/dsc_0923a.jpg?itok=hawXv54A,https://www.hbw.com/species/common-scoter-melanitta-nigra#Taxonomy
Egyptian Goose,https://www.hbw.com/sites/default/files/styles/h_340/public/ibc/p/20151030_0001_EGoose.jpg?itok=ISoDy2Q4,https://www.hbw.com/species/egyptian-goose-alopochen-aegyptiaca#Taxonomy
Falcated Duck,https://www.hbw.com/sites/default/files/styles/h_340/public/ibc/p/Falcated_Duck.jpg?itok=WNw7sNK4,https://www.hbw.com/species/falcated-duck-mareca-falcata#Taxonomy
Garganey,no image,no link
Hawaiian Duck,https://www.hbw.com/sites/default/files/styles/h_340/public/ibc/p/acr_7164.jpg?itok=6EOdAg8D,https://www.hbw.com/species/hawaiian-duck-anas-wyvilliana#Taxonomy
Helmeted Guineafowl,https://www.hbw.com/sites/default/files/styles/h_340/public/ibc/p/1o3a0986helmperlhuhn_ssp._mitratusa.jpg?itok=37_T52WM,https://www.hbw.com/species/helmeted-guineafowl-numida-meleagris#Taxonomy
Labrador Duck,https://www.hbw.com/sites/default/files/styles/h_340/public/ibc/p/mlc.2011.0.309_a.jpg?itok=8E--7ThF,https://www.hbw.com/species/labrador-duck-camptorhynchus-labradorius#Descriptive_notes
Laysan Duck,https://www.hbw.com/sites/default/files/styles/h_340/public/ibc/p/laysan-duck-1a.jpg?itok=PyERRKzb,https://www.hbw.com/species/laysan-duck-anas-laysanensis#Taxonomy
Lesser White-fronted Goose,no image,no link
Masked Duck,https://www.hbw.com/sites/default/files/styles/h_340/public/ibc/p/Pato_fierro_3.jpg?itok=mENxm9Cu,https://www.hbw.com/species/masked-duck-nomonyx-dominicus#Taxonomy
Pink-footed Goose,https://www.hbw.com/sites/default/files/styles/h_340/public/ibc/p/89__ar7q9357.jpg?itok=TCghO35M,https://www.hbw.com/species/pink-footed-goose-anser-brachyrhynchus#Taxonomy
Spectacled Eider,https://www.hbw.com/sites/default/files/styles/h_340/public/ibc/p/199_20160620_3_1000.jpg?itok=-YaE_Rsh,https://www.hbw.com/species/spectacled-eider-somateria-fischeri#Taxonomy
Tufted Duck,https://www.hbw.com/sites/default/files/styles/h_340/public/ibc/p/ar7q0150.jpg?itok=G-dy7j-L,https://www.hbw.com/species/tufted-duck-aythya-fuligula#Taxonomy
White-cheeked Pintail,https://www.hbw.com/sites/default/files/styles/h_340/public/ibc/p/patillo3.jpg?itok=J1BfxODH,https://www.hbw.com/species/white-cheeked-pintail-anas-bahamensis#Taxonomy
Whooper Swan,https://www.hbw.com/sites/default/files/styles/h_340/public/ibc/p/whooper_swan.jpg?itok=s7gME1NM,https://www.hbw.com/species/whooper-swan-cygnus-cygnus#Taxonomy
Buff-collared nightjar,https://www.hbw.com/sites/default/files/styles/h_340/public/ibc/p/buffcollarednightjarklein.jpg?itok=xD5uoxLF,https://www.hbw.com/species/buff-collared-nightjar-antrostomus-ridgwayi#Taxonomy
California gnatcatcher,https://www.hbw.com/sites/default/files/styles/h_340/public/ibc/p/7886_california_gnatcatcher_polioptila_californica_crystal_cove_state_park_california_usa_20110503_3_1280.jpg?itok=SLmk3SuN,https://www.hbw.com/species/california-gnatcatcher-polioptila-californica#Taxonomy
Christmas shearwater,https://www.hbw.com/sites/default/files/styles/h_340/public/ibc/p/Puffinus_nativitatis.Imagen_fija001.jpg?itok=l497gxRs,https://www.hbw.com/species/christmas-shearwater-puffinus-nativitatis#Taxonomy
Common crane,https://www.hbw.com/sites/default/files/styles/h_340/public/ibc/p/Zeriav_popolavy_060.jpg?itok=Mq_Gn2Hx,https://www.hbw.com/species/common-crane-grus-grus#Taxonomy
Common hill myna,no image,no link
Common myna,no image,no link
Common rosefinch,https://www.hbw.com/sites/default/files/styles/h_340/public/ibc/p/karmingimpelklein4.jpg?itok=YZYDbhKZ,https://www.hbw.com/species/common-rosefinch-carpodacus-erythrinus#Taxonomy
Eurasian siskin,https://www.hbw.com/sites/default/files/styles/h_340/public/ibc/p/dsc_8207a.jpg?itok=pYZLmrE3,https://www.hbw.com/species/eurasian-siskin-spinus-spinus#Taxonomy
Fork-tailed flycatcher,https://www.hbw.com/sites/default/files/styles/h_340/public/ibc/p/ar7q5359_tyrannus_savana.jpg?itok=ANsFMwl6,https://www.hbw.com/species/fork-tailed-flycatcher-tyrannus-savana#Taxonomy
Greenish elaenia,https://www.hbw.com/sites/default/files/styles/h_340/public/ibc/p/5030_greenish_elaenia_myiopagis_viridicata_milpe_pichincha_ecuador_20140111_1_1600.jpg?itok=ybtpRU6L,https://www.hbw.com/species/greenish-elaenia-myiopagis-viridicata#Taxonomy
Hawaiian coot,https://www.hbw.com/sites/default/files/styles/h_340/public/ibc/p/Hawaiian_Coot_0.jpg?itok=X9p6j3ld,https://www.hbw.com/species/hawaiian-coot-fulica-alai#Taxonomy
Hawaiian rail,no image,https://www.hbw.com/species/hawaiian-rail-zapornia-sandwichensis#Descriptive_notes
Kermadec petrel,https://www.hbw.com/sites/default/files/styles/h_340/public/ibc/p/KermadecPetreloffNorthCapeNZMar13.jpg?itok=CjVHQd_K,https://www.hbw.com/species/kermadec-petrel-pterodroma-neglecta#Taxonomy
Lesser frigatebird,https://www.hbw.com/sites/default/files/styles/h_340/public/ibc/p/835_lesser_frigatebird_fregata_ariel_fergusson_island_papua_new_guinea_20140725_1_1600.jpg?itok=QZ4FLbFZ,https://www.hbw.com/species/lesser-frigatebird-fregata-ariel#Taxonomy
Long-billed murrelet,https://www.hbw.com/sites/default/files/styles/h_340/public/ibc/p/long-billed_murrelet__brachyramphus_perdix_sea_of_ochotsk_russia_june_26_2008_1_1024.jpg?itok=sqPWlfOW,https://www.hbw.com/species/long-billed-murrelet-brachyramphus-perdix#Taxonomy
Marsh sandpiper,https://www.hbw.com/sites/default/files/styles/h_340/public/ibc/p/c12017.jpg?itok=oaRKiZE4,https://www.hbw.com/species/marsh-sandpiper-tringa-stagnatilis#Taxonomy
Mitred parakeet,https://www.hbw.com/sites/default/files/styles/h_340/public/ibc/p/mitredparakeet-2.jpg?itok=gc0G5vrt,https://www.hbw.com/species/mitred-parakeet-psittacara-mitratus#Taxonomy
Narcissus flycatcher,https://www.hbw.com/sites/default/files/styles/h_340/public/ibc/p/Narcissus_Flycatcher_0.jpg?itok=oJbSSwVO,https://www.hbw.com/species/narcissus-flycatcher-ficedula-narcissina#Taxonomy
Northern jacana,https://www.hbw.com/sites/default/files/styles/h_340/public/ibc/p/2015_12_053253.jpg?itok=3oa41XLw,https://www.hbw.com/species/northern-jacana-jacana-spinosa#Taxonomy
Pine bunting,https://www.hbw.com/sites/default/files/styles/h_340/public/ibc/p/e72e5167.jpg?itok=_bh3LbkT,https://www.hbw.com/species/pine-bunting-emberiza-leucocephalos#Taxonomy
Pin-tailed snipe,no image,no link
Rosy-faced lovebird,https://www.hbw.com/sites/default/files/styles/h_340/public/ibc/p/_MG_1865_Rosy-faced_lovebird.JPG?itok=vlznZu66,https://www.hbw.com/species/rosy-faced-lovebird-agapornis-roseicollis#Taxonomy
Siberian rubythroat,https://www.hbw.com/sites/default/files/styles/h_340/public/ibc/p/siberian_rubythroat__luscinia_calliope_talan_russia_june_25_2008_1_1024.jpg?itok=Cwj0LntA,https://www.hbw.com/species/siberian-rubythroat-calliope-calliope#Taxonomy
Sooty shearwater,https://www.hbw.com/sites/default/files/styles/h_340/public/ibc/p/DSC_6618.jpg?itok=JBr8l2uX,https://www.hbw.com/species/sooty-shearwater-ardenna-grisea#Taxonomy
Stygian owl,https://www.hbw.com/sites/default/files/styles/h_340/public/ibc/p/stygian_owl_new.jpg?itok=iLsTu4wq,https://www.hbw.com/species/stygian-owl-asio-stygius#Taxonomy
Trindade petrel,https://www.hbw.com/sites/default/files/styles/h_340/public/ibc/p/Natal_Pelagic_2015-01-24_160.JPG?itok=sMgkfqhK,https://www.hbw.com/species/trindade-petrel-pterodroma-arminjoniana#Taxonomy
White tern,no image,no link
White-throated thrush,https://www.hbw.com/sites/default/files/styles/h_340/public/ibc/p/whitethroatedthrush_bust_montv_cr_2_2_17_a_am8i4260.jpg?itok=imMupefv,https://www.hbw.com/species/white-throated-thrush-turdus-assimilis#Taxonomy
Kauai oo,no image,https://www.hbw.com/species/kauai-oo-moho-braccatus#Descriptive_notes
Oahu oo,no image,https://www.hbw.com/species/oahu-oo-moho-apicalis#Descriptive_notes
Bishops oo,no image,no link
Hawaii oo,no image,https://www.hbw.com/species/hawaii-oo-moho-nobilis#Descriptive_notes
